alpine:3.18,alpine-3.18.json
alpine:3.19,alpine-3.19.json
alpine:latest,alpine-latest.json
alpine:edge,alpine-edge.json
ubuntu:22.04,ubuntu-22.04.json
ubuntu:24.04,ubuntu-24.04.json
ubuntu:noble,ubuntu-noble.json
ubuntu:jammy,ubuntu-jammy.json
debian:bookworm-slim,debian-bookworm-slim.json
node:lts-alpine,node-lts-alpine.json
ruby:3.3-alpine,ruby-3.3-alpine.json
php:8.2-fpm-alpine,php-8.2-fpm-alpine.json
php:8.3-fpm-alpine,php-8.3-fpm-alpine.json
postgres:15-alpine,postgres-15-alpine.json
postgres:16-alpine,postgres-16-alpine.json
mongo:6.0-jammy,mongo-6.0-jammy.json
mongo:7.0-jammy,mongo-7.0-jammy.json
memcached:1.6-alpine,memcached-1.6-alpine.json
rabbitmq:3.13-management-alpine,rabbitmq-3.13-management-alpine.json
busybox:1.36,busybox-1.36.json
busybox:1.36-musl,busybox-1.36-musl.json
tomcat:10.1-jdk21-corretto,tomcat-10.1-jdk21-corretto.json
tomcat:10.1-jdk17-temurin-jammy,tomcat-10.1-jdk17-temurin-jammy.json
eclipse-temurin:21-jre-alpine,eclipse-temurin-21-jre-alpine.json
amazoncorretto:21-alpine,amazoncorretto-21-alpine.json
python:3.13-slim,python-3.13-slim.json
python:3.13-alpine,python-3.13-alpine.json
python:3.13.0-slim-bookworm,python-3.13.0-slim-bookworm.json
python:3.13-bookworm,python-3.13-bookworm.json
node:22-alpine,node-22-alpine.json
node:22-bookworm-slim,node-22-bookworm-slim.json
node:22-slim,node-22-slim.json
node:current-alpine,node-current-alpine.json
node:iron-alpine,node-iron-alpine.json
golang:1.23-alpine,golang-1.23-alpine.json
golang:1.23-bookworm,golang-1.23-bookworm.json
golang:1.23-bullseye,golang-1.23-bullseye.json
rust:slim,rust-slim.json
ruby:3.3-slim,ruby-3.3-slim.json
ruby:3.3-bookworm,ruby-3.3-bookworm.json
php:8.2-cli-alpine,php-8.2-cli-alpine.json
php:8.3-cli-alpine,php-8.3-cli-alpine.json
php:8.3-fpm-bookworm,php-8.3-fpm-bookworm.json
php:8.2-fpm-bookworm,php-8.2-fpm-bookworm.json
eclipse-temurin:21-jdk-alpine,eclipse-temurin-21-jdk-alpine.json
eclipse-temurin:17-jre-alpine,eclipse-temurin-17-jre-alpine.json
eclipse-temurin:17-jdk-alpine,eclipse-temurin-17-jdk-alpine.json
eclipse-temurin:21-jre-jammy,eclipse-temurin-21-jre-jammy.json
amazoncorretto:17-alpine,amazoncorretto-17-alpine.json
amazoncorretto:21-al2023,amazoncorretto-21-al2023.json
tomcat:11.0-jdk21-temurin,tomcat-11.0-jdk21-temurin.json
tomcat:10.1-jdk21-alpine,tomcat-10.1-jdk21-alpine.json
debian:trixie-slim,debian-trixie-slim.json
debian:bookworm,debian-bookworm.json
ubuntu:24.10,ubuntu-24.10.json
alpine:3.20,alpine-3.20.json
fedora:40,fedora-40.json
fedora:41,fedora-41.json
rockylinux:9,rockylinux-9.json
rockylinux:9-minimal,rockylinux-9-minimal.json
busybox:1.37,busybox-1.37.json
httpd:2.4-alpine,httpd-2.4-alpine.json
httpd:2.4.59-alpine,httpd-2.4.59-alpine.json
httpd:2.4.62-alpine,httpd-2.4.62-alpine.json
httpd:2.4.62-bookworm,httpd-2.4.62-bookworm.json
postgres:17-alpine,postgres-17-alpine.json
postgres:16.3-alpine3.20,postgres-16.3-alpine3.20.json
mysql:9.0,mysql-9.0.json
mysql:8.4.0,mysql-8.4.0.json
mariadb:11.4,mariadb-11.4.json
mariadb:10.11,mariadb-10.11.json
cassandra:4.1,cassandra-4.1.json
cassandra:5.0,cassandra-5.0.json
couchdb:3.3,couchdb-3.3.json
influxdb:2.7-alpine,influxdb-2.7-alpine.json
neo4j:5.19-community,neo4j-5.19-community.json
bitnami/kafka:3.7,bitnami-kafka-3.7.json
bitnami/kafka:3.8,bitnami-kafka-3.8.json
rabbitmq:3.13-alpine,rabbitmq-3.13-alpine.json
nats:2.10-alpine,nats-2.10-alpine.json
zookeeper:3.9,zookeeper-3.9.json
eclipse-mosquitto:2.0,eclipse-mosquitto-2.0.json
eclipse-mosquitto:2.0-openssl,eclipse-mosquitto-2.0-openssl.json
jenkins/jenkins:lts-jdk21,jenkins-jenkins-lts-jdk21.json
jenkins/jenkins:lts-jdk17,jenkins-jenkins-lts-jdk17.json
drone/drone:2.23.0,drone-drone-2.23.0.json
registry:2.8.3,registry-2.8.3.json
traefik:v3.1,traefik-v3.1.json
haproxy:3.0-alpine,haproxy-3.0-alpine.json
envoyproxy/envoy:v1.29.3,envoyproxy-envoy-v1.29.3.json
envoyproxy/envoy:v1.30.1,envoyproxy-envoy-v1.30.1.json
nginx/nginx-proxy-manager:2.11.3,nginx-nginx-proxy-manager-2.11.3.json
coredns/coredns:1.11.1,coredns-coredns-1.11.1.json
varnish:7.5-alpine,varnish-7.5-alpine.json
wordpress:6.5-php8.2-apache,wordpress-6.5-php8.2-apache.json
drupal:10.2-php8.2-apache,drupal-10.2-php8.2-apache.json
ghost:5.82-alpine,ghost-5.82-alpine.json
solr:9.6-slim,solr-9.6-slim.json
vault:1.17.0,vault-1.17.0.json
redis:7.4-alpine,redis-7.4-alpine.json
memcached:1.6.26-alpine,memcached-1.6.26-alpine.json
solr:9.5-slim,solr-9.5-slim.json
influxdb:2.7,influxdb-2.7.json
neo4j:5-community,neo4j-5-community.json
alpine:3.21,alpine-3.21.json
ubuntu:25.04,ubuntu-25.04.json
fedora:42,fedora-42.json
busybox:stable,busybox-stable.json
busybox:stable-musl,busybox-stable-musl.json
php:8.4-fpm-alpine,php-8.4-fpm-alpine.json
php:8.4-cli-alpine,php-8.4-cli-alpine.json
php:8.4-fpm-bookworm,php-8.4-fpm-bookworm.json
php:8.4-cli-bookworm,php-8.4-cli-bookworm.json
ruby:3.4-alpine,ruby-3.4-alpine.json
ruby:3.4-slim,ruby-3.4-slim.json
ruby:3.4-bookworm,ruby-3.4-bookworm.json
golang:1.24-alpine,golang-1.24-alpine.json
golang:1.24-bookworm,golang-1.24-bookworm.json
node:24-alpine,node-24-alpine.json
node:24-bookworm-slim,node-24-bookworm-slim.json
node:24-slim,node-24-slim.json
node:lts-bookworm-slim,node-lts-bookworm-slim.json
rust:1.79-alpine,rust-1.79-alpine.json
rust:1.80-alpine,rust-1.80-alpine.json
rust:1.81-alpine,rust-1.81-alpine.json
rust:1.82-alpine,rust-1.82-alpine.json
rust:1.79-slim-bookworm,rust-1.79-slim-bookworm.json
rust:1.80-slim-bookworm,rust-1.80-slim-bookworm.json
rust:1.81-slim-bookworm,rust-1.81-slim-bookworm.json
mongo:8.0,mongo-8.0.json
redis:8.0-alpine,redis-8.0-alpine.json
redis:8.0-bookworm,redis-8.0-bookworm.json
mysql:9.1,mysql-9.1.json
postgres:17-bookworm,postgres-17-bookworm.json
postgres:17.2-alpine3.21,postgres-17.2-alpine3.21.json
nginx:1.27-alpine,nginx-1.27-alpine.json
nginx:1.27-bookworm,nginx-1.27-bookworm.json
httpd:2.4.63-alpine,httpd-2.4.63-alpine.json
httpd:2.4.63-bookworm,httpd-2.4.63-bookworm.json
eclipse-temurin:23-jre-alpine,eclipse-temurin-23-jre-alpine.json
eclipse-temurin:23-jdk-alpine,eclipse-temurin-23-jdk-alpine.json
amazoncorretto:23-alpine,amazoncorretto-23-alpine.json
rabbitmq:4.0-management-alpine,rabbitmq-4.0-management-alpine.json
rabbitmq:4.0-alpine,rabbitmq-4.0-alpine.json
nats:2.11-alpine,nats-2.11-alpine.json
apache/activemq-classic:5.18.6,apache-activemq-classic-5.18.6.json
prom/prometheus:v2.53.0,prom-prometheus-v2.53.0.json
prom/prometheus:v2.54.0,prom-prometheus-v2.54.0.json
grafana/grafana:11.0.0,grafana-grafana-11.0.0.json
grafana/grafana:11.1.0,grafana-grafana-11.1.0.json
grafana/loki:3.0.0,grafana-loki-3.0.0.json
grafana/tempo:2.5.0,grafana-tempo-2.5.0.json
elasticsearch:8.14.0,elasticsearch-8.14.0.json
kibana:8.14.0,kibana-8.14.0.json
gitlab/gitlab-ce:17.0.1-ce.0,gitlab-gitlab-ce-17.0.1-ce.0.json
gitea/gitea:1.22.0,gitea-gitea-1.22.0.json
sonarqube:10.6-community,sonarqube-10.6-community.json
sonatype/nexus3:3.70.0,sonatype-nexus3-3.70.0.json
keycloak/keycloak:25.0,keycloak-keycloak-25.0.json
keycloak/keycloak:26.0,keycloak-keycloak-26.0.json
traefik:v3.2,traefik-v3.2.json
haproxy:3.1-alpine,haproxy-3.1-alpine.json
caddy:2.8-alpine,caddy-2.8-alpine.json
wordpress:6.6-php8.3-apache,wordpress-6.6-php8.3-apache.json
wordpress:6.7-php8.3-apache,wordpress-6.7-php8.3-apache.json
ghost:5.90-alpine,ghost-5.90-alpine.json
drupal:10.3-php8.3-apache,drupal-10.3-php8.3-apache.json
neo4j:5.21-community,neo4j-5.21-community.json
solr:9.7-slim,solr-9.7-slim.json
influxdb:2.7.10-alpine,influxdb-2.7.10-alpine.json
minio/minio:RELEASE.2024-10-02T17-50-41Z,minio-minio-RELEASE.2024-10-02T17-50-41Z.json
