scan_file,image,bucket,bucket_label,rule_label,total_dependency_count,vuln_total,critical_cve_count,high_cve_count,cvss_ge_7_count,max_cvss,unique_cwe_count,top25_cwe_count,base_image_age_days
data/scans/high-qual/alpine-3.18.json,alpine:3.18,high-qual,ALLOW,WARN,16.0,0.0,0.0,0.0,0.0,0.0,0.0,0.0,395.0
data/scans/high-qual/alpine-3.19.json,alpine:3.19,high-qual,ALLOW,ALLOW,16.0,2.0,0.0,0.0,0.0,3.3,2.0,0.0,159.0
data/scans/high-qual/alpine-latest.json,alpine:latest,high-qual,ALLOW,ALLOW,17.0,2.0,1.0,1.0,1.0,9.8,2.0,1.0,0.0
data/scans/high-qual/alpine-edge.json,alpine:edge,high-qual,ALLOW,ALLOW,17.0,1.0,0.0,0.0,0.0,5.5,1.0,0.0,47.0
data/scans/high-qual/ubuntu-22.04.json,ubuntu:22.04,high-qual,ALLOW,ALLOW,102.0,16.0,0.0,4.0,5.0,8.6,15.0,5.0,0.0
data/scans/high-qual/ubuntu-24.04.json,ubuntu:24.04,high-qual,ALLOW,ALLOW,93.0,9.0,0.0,1.0,2.0,8.6,9.0,4.0,0.0
data/scans/high-qual/ubuntu-noble.json,ubuntu:noble,high-qual,ALLOW,ALLOW,93.0,9.0,0.0,1.0,2.0,8.6,9.0,4.0,0.0
data/scans/high-qual/ubuntu-jammy.json,ubuntu:jammy,high-qual,ALLOW,ALLOW,102.0,16.0,0.0,4.0,5.0,8.6,15.0,5.0,0.0
data/scans/high-qual/debian-bookworm-slim.json,debian:bookworm-slim,high-qual,ALLOW,ALLOW,89.0,46.0,3.0,14.0,10.0,10.0,29.0,8.0,0.0
data/scans/high-qual/debian-bullseye-slim.json,debian:bullseye-slim,high-qual,ALLOW,ALLOW,97.0,65.0,4.0,29.0,20.0,10.0,39.0,14.0,0.0
data/scans/high-qual/python-3.11-slim.json,python:3.11-slim,high-qual,ALLOW,ALLOW,107.0,40.0,1.0,11.0,8.0,10.0,24.0,8.0,0.0
data/scans/high-qual/python-3.12-slim.json,python:3.12-slim,high-qual,ALLOW,ALLOW,89.0,38.0,1.0,9.0,6.0,10.0,23.0,6.0,0.0
data/scans/high-qual/python-3.11-alpine.json,python:3.11-alpine,high-qual,ALLOW,ALLOW,58.0,6.0,1.0,3.0,3.0,9.8,4.0,4.0,0.0
data/scans/high-qual/python-3.12-alpine.json,python:3.12-alpine,high-qual,ALLOW,ALLOW,40.0,4.0,1.0,1.0,1.0,9.8,3.0,2.0,0.0
data/scans/high-qual/python-3.12.2-slim-bookworm.json,python:3.12.2-slim-bookworm,high-qual,ALLOW,WARN,110.0,133.0,10.0,66.0,43.0,10.0,66.0,41.0,721.0
data/scans/high-qual/node-18-alpine.json,node:18-alpine,high-qual,ALLOW,ALLOW,222.0,28.0,1.0,22.0,14.0,9.8,18.0,14.0,354.0
data/scans/high-qual/node-20-alpine.json,node:20-alpine,high-qual,ALLOW,ALLOW,223.0,15.0,1.0,12.0,12.0,9.8,11.0,8.0,0.0
data/scans/high-qual/node-21-alpine.json,node:21-alpine,high-qual,ALLOW,WARN,239.0,38.0,2.0,28.0,19.0,9.8,22.0,21.0,649.0
data/scans/high-qual/node-18-bookworm-slim.json,node:18-bookworm-slim,high-qual,ALLOW,WARN,293.0,73.0,3.0,32.0,27.0,10.0,44.0,20.0,298.0
data/scans/high-qual/node-20-bookworm-slim.json,node:20-bookworm-slim,high-qual,ALLOW,ALLOW,293.0,59.0,3.0,25.0,21.0,10.0,36.0,15.0,0.0
data/scans/high-qual/node-lts-alpine.json,node:lts-alpine,high-qual,ALLOW,ALLOW,182.0,8.0,1.0,6.0,6.0,9.8,6.0,4.0,0.0
data/scans/high-qual/golang-1.21-alpine.json,golang:1.21-alpine,high-qual,ALLOW,WARN,55.0,51.0,3.0,42.0,21.0,10.0,19.0,14.0,586.0
data/scans/high-qual/golang-1.22-alpine.json,golang:1.22-alpine,high-qual,ALLOW,WARN,56.0,43.0,3.0,34.0,18.0,10.0,17.0,13.0,404.0
data/scans/high-qual/golang-1.21-bookworm.json,golang:1.21-bookworm,high-qual,ALLOW,BLOCK,245.0,3512.0,26.0,2657.0,924.0,10.0,127.0,1207.0,580.0
data/scans/high-qual/golang-1.22-bookworm.json,golang:1.22-bookworm,high-qual,ALLOW,BLOCK,245.0,2530.0,21.0,1807.0,622.0,10.0,113.0,793.0,404.0
data/scans/high-qual/rust-1.75-alpine.json,rust:1.75-alpine,high-qual,ALLOW,WARN,29.0,17.0,1.0,7.0,7.0,7.8,12.0,11.0,778.0
data/scans/high-qual/rust-1.76-alpine.json,rust:1.76-alpine,high-qual,ALLOW,WARN,29.0,17.0,1.0,7.0,7.0,7.8,12.0,11.0,730.0
data/scans/high-qual/rust-1.76-slim-bookworm.json,rust:1.76-slim-bookworm,high-qual,ALLOW,BLOCK,132.0,4255.0,27.0,3200.0,1086.0,10.0,106.0,1509.0,733.0
data/scans/high-qual/ruby-3.2-alpine.json,ruby:3.2-alpine,high-qual,ALLOW,ALLOW,111.0,3.0,1.0,1.0,1.0,9.8,2.0,1.0,0.0
data/scans/high-qual/ruby-3.3-alpine.json,ruby:3.3-alpine,high-qual,ALLOW,ALLOW,108.0,3.0,1.0,1.0,1.0,9.8,2.0,1.0,0.0
data/scans/high-qual/php-8.2-fpm-alpine.json,php:8.2-fpm-alpine,high-qual,ALLOW,ALLOW,43.0,2.0,1.0,1.0,1.0,9.8,2.0,1.0,0.0
data/scans/high-qual/php-8.3-fpm-alpine.json,php:8.3-fpm-alpine,high-qual,ALLOW,ALLOW,43.0,2.0,1.0,1.0,1.0,9.8,2.0,1.0,0.0
data/scans/high-qual/postgres-15-alpine.json,postgres:15-alpine,high-qual,ALLOW,ALLOW,51.0,21.0,2.0,18.0,12.0,10.0,6.0,6.0,0.0
data/scans/high-qual/postgres-16-alpine.json,postgres:16-alpine,high-qual,ALLOW,ALLOW,51.0,21.0,2.0,18.0,12.0,10.0,6.0,6.0,0.0
data/scans/high-qual/postgres-16.2-alpine3.19.json,postgres:16.2-alpine3.19,high-qual,ALLOW,WARN,48.0,26.0,2.0,16.0,15.0,9.8,19.0,19.0,697.0
data/scans/high-qual/mysql-8.0.36.json,mysql:8.0.36,high-qual,ALLOW,WARN,144.0,183.0,19.0,150.0,106.0,10.0,64.0,67.0,697.0
data/scans/high-qual/mysql-8.3.0.json,mysql:8.3.0,high-qual,ALLOW,WARN,144.0,183.0,19.0,150.0,106.0,10.0,64.0,67.0,697.0
data/scans/high-qual/mariadb-11.2.json,mariadb:11.2,high-qual,ALLOW,WARN,155.0,146.0,10.0,109.0,72.0,10.0,54.0,44.0,405.0
data/scans/high-qual/mariadb-11.3.json,mariadb:11.3,high-qual,ALLOW,WARN,159.0,164.0,13.0,125.0,81.0,10.0,63.0,52.0,656.0
data/scans/high-qual/redis-7.2-alpine.json,redis:7.2-alpine,high-qual,ALLOW,ALLOW,23.0,83.0,6.0,74.0,50.0,10.0,23.0,23.0,21.0
data/scans/high-qual/redis-7.2.4-alpine.json,redis:7.2.4-alpine,high-qual,ALLOW,WARN,23.0,98.0,7.0,80.0,56.0,10.0,32.0,33.0,667.0
data/scans/high-qual/mongo-6.0-jammy.json,mongo:6.0-jammy,high-qual,ALLOW,ALLOW,397.0,72.0,4.0,42.0,26.0,10.0,35.0,17.0,77.0
data/scans/high-qual/mongo-7.0-jammy.json,mongo:7.0-jammy,high-qual,ALLOW,ALLOW,397.0,51.0,1.0,23.0,17.0,10.0,26.0,11.0,0.0
data/scans/high-qual/memcached-1.6-alpine.json,memcached:1.6-alpine,high-qual,ALLOW,ALLOW,21.0,2.0,1.0,1.0,1.0,9.8,2.0,1.0,0.0
data/scans/high-qual/rabbitmq-3.12-management-alpine.json,rabbitmq:3.12-management-alpine,high-qual,ALLOW,WARN,39.0,35.0,3.0,27.0,16.0,9.8,22.0,20.0,516.0
data/scans/high-qual/rabbitmq-3.13-management-alpine.json,rabbitmq:3.13-management-alpine,high-qual,ALLOW,ALLOW,43.0,16.0,1.0,13.0,4.0,9.8,9.0,7.0,104.0
data/scans/high-qual/traefik-v2.10.json,traefik:v2.10,high-qual,ALLOW,WARN,309.0,83.0,6.0,56.0,38.0,10.0,38.0,22.0,779.0
data/scans/high-qual/traefik-v3.0.json,traefik:v3.0,high-qual,ALLOW,WARN,317.0,75.0,6.0,54.0,31.0,10.0,34.0,21.0,621.0
data/scans/high-qual/haproxy-2.8-alpine.json,haproxy:2.8-alpine,high-qual,ALLOW,ALLOW,25.0,0.0,0.0,0.0,0.0,0.0,0.0,0.0,0.0
data/scans/high-qual/haproxy-2.9-alpine.json,haproxy:2.9-alpine,high-qual,ALLOW,ALLOW,20.0,15.0,1.0,11.0,3.0,9.8,9.0,7.0,360.0
data/scans/high-qual/caddy-2.7-alpine.json,caddy:2.7-alpine,high-qual,ALLOW,WARN,149.0,81.0,11.0,57.0,40.0,10.0,34.0,26.0,683.0
data/scans/high-qual/caddy-2.7.6-alpine.json,caddy:2.7.6-alpine,high-qual,ALLOW,WARN,149.0,81.0,11.0,57.0,40.0,10.0,34.0,26.0,683.0
data/scans/high-qual/busybox-1.36.json,busybox:1.36,high-qual,ALLOW,ALLOW,0.0,0.0,0.0,0.0,0.0,0.0,0.0,0.0,0.0
data/scans/high-qual/busybox-1.36-musl.json,busybox:1.36-musl,high-qual,ALLOW,ALLOW,0.0,0.0,0.0,0.0,0.0,0.0,0.0,0.0,41.0
data/scans/high-qual/tomcat-10.1-jdk17-temurin-jammy.json,tomcat:10.1-jdk17-temurin-jammy,high-qual,ALLOW,ALLOW,190.0,38.0,0.0,7.0,7.0,8.6,25.0,9.0,0.0
data/scans/high-qual/eclipse-temurin-21-jre-alpine.json,eclipse-temurin:21-jre-alpine,high-qual,ALLOW,ALLOW,74.0,5.0,1.0,3.0,3.0,9.8,5.0,2.0,0.0
data/scans/high-qual/amazoncorretto-21-alpine.json,amazoncorretto:21-alpine,high-qual,ALLOW,ALLOW,30.0,2.0,1.0,1.0,1.0,9.8,2.0,1.0,47.0
data/scans/high-qual/python-3.13-slim.json,python:3.13-slim,high-qual,ALLOW,ALLOW,89.0,42.0,3.0,10.0,7.0,10.0,29.0,10.0,3.0
data/scans/high-qual/python-3.13-alpine.json,python:3.13-alpine,high-qual,ALLOW,ALLOW,31.0,10.0,0.0,7.0,2.0,7.8,11.0,5.0,0.0
data/scans/high-qual/python-3.10-slim.json,python:3.10-slim,high-qual,ALLOW,ALLOW,107.0,54.0,3.0,18.0,10.0,10.0,37.0,19.0,5.0
data/scans/high-qual/python-3.10-alpine.json,python:3.10-alpine,high-qual,ALLOW,ALLOW,58.0,17.0,0.0,10.0,5.0,8.6,15.0,10.0,0.0
data/scans/high-qual/python-3.13.0-slim-bookworm.json,python:3.13.0-slim-bookworm,high-qual,ALLOW,WARN,99.0,107.0,8.0,48.0,26.0,10.0,60.0,34.0,497.0
data/scans/high-qual/python-3.12-bookworm.json,python:3.12-bookworm,high-qual,ALLOW,BLOCK,431.0,1236.0,16.0,584.0,260.0,10.0,106.0,406.0,6.0
data/scans/high-qual/python-3.11-bookworm.json,python:3.11-bookworm,high-qual,ALLOW,BLOCK,449.0,1238.0,16.0,586.0,262.0,10.0,106.0,408.0,6.0
data/scans/high-qual/python-3.13-bookworm.json,python:3.13-bookworm,high-qual,ALLOW,BLOCK,431.0,1234.0,16.0,584.0,260.0,10.0,106.0,405.0,5.0
data/scans/high-qual/node-22-alpine.json,node:22-alpine,high-qual,ALLOW,ALLOW,217.0,14.0,0.0,9.0,4.0,8.6,12.0,6.0,0.0
data/scans/high-qual/node-23-alpine.json,node:23-alpine,high-qual,ALLOW,ALLOW,239.0,40.0,1.0,31.0,15.0,9.8,24.0,20.0,318.0
data/scans/high-qual/node-22-bookworm-slim.json,node:22-bookworm-slim,high-qual,ALLOW,WARN,287.0,61.0,5.0,19.0,13.0,10.0,41.0,13.0,7.0
data/scans/high-qual/node-23-bookworm-slim.json,node:23-bookworm-slim,high-qual,ALLOW,WARN,309.0,85.0,5.0,36.0,28.0,10.0,52.0,25.0,327.0
data/scans/high-qual/node-22-slim.json,node:22-slim,high-qual,ALLOW,WARN,287.0,61.0,5.0,19.0,13.0,10.0,41.0,13.0,7.0
data/scans/high-qual/node-20-slim.json,node:20-slim,high-qual,ALLOW,WARN,293.0,72.0,5.0,30.0,23.0,10.0,45.0,20.0,7.0
data/scans/high-qual/node-current-alpine.json,node:current-alpine,high-qual,ALLOW,ALLOW,165.0,14.0,0.0,9.0,4.0,8.6,12.0,6.0,0.0
data/scans/high-qual/node-iron-alpine.json,node:iron-alpine,high-qual,ALLOW,ALLOW,223.0,25.0,0.0,20.0,14.0,8.8,17.0,13.0,0.0
data/scans/high-qual/golang-1.23-alpine.json,golang:1.23-alpine,high-qual,ALLOW,ALLOW,58.0,51.0,2.0,37.0,17.0,10.0,18.0,19.0,251.0
data/scans/high-qual/golang-1.23-bookworm.json,golang:1.23-bookworm,high-qual,ALLOW,BLOCK,246.0,1927.0,25.0,1230.0,426.0,10.0,106.0,505.0,244.0
data/scans/high-qual/golang-1.20-alpine.json,golang:1.20-alpine,high-qual,ALLOW,WARN,58.0,64.0,4.0,42.0,27.0,10.0,21.0,18.0,797.0
data/scans/high-qual/golang-1.20-bookworm.json,golang:1.20-bookworm,high-qual,ALLOW,BLOCK,247.0,4734.0,43.0,3553.0,1253.0,10.0,145.0,1678.0,797.0
data/scans/high-qual/golang-1.22-alpine3.19.json,golang:1.22-alpine3.19,high-qual,ALLOW,WARN,56.0,43.0,2.0,28.0,16.0,10.0,14.0,10.0,496.0
data/scans/high-qual/golang-1.23-bullseye.json,golang:1.23-bullseye,high-qual,ALLOW,BLOCK,243.0,2552.0,27.0,1566.0,599.0,10.0,124.0,760.0,244.0
data/scans/high-qual/rust-1.77-alpine.json,rust:1.77-alpine,high-qual,ALLOW,WARN,29.0,19.0,1.0,8.0,8.0,7.8,15.0,11.0,726.0
data/scans/high-qual/rust-1.78-alpine.json,rust:1.78-alpine,high-qual,ALLOW,WARN,28.0,33.0,2.0,25.0,11.0,9.8,17.0,19.0,690.0
data/scans/high-qual/rust-1.77-slim-bookworm.json,rust:1.77-slim-bookworm,high-qual,ALLOW,BLOCK,132.0,4024.0,31.0,3093.0,1058.0,10.0,104.0,1414.0,714.0
data/scans/high-qual/rust-1.78-slim-bookworm.json,rust:1.78-slim-bookworm,high-qual,ALLOW,BLOCK,132.0,3921.0,30.0,3022.0,1034.0,10.0,103.0,1383.0,699.0
data/scans/high-qual/rust-slim.json,rust:slim,high-qual,ALLOW,WARN,119.0,522.0,6.0,193.0,87.0,10.0,60.0,114.0,4.0
data/scans/high-qual/ruby-3.1-alpine.json,ruby:3.1-alpine,high-qual,ALLOW,WARN,108.0,28.0,1.0,20.0,6.0,9.8,17.0,13.0,384.0
data/scans/high-qual/ruby-3.3-slim.json,ruby:3.3-slim,high-qual,ALLOW,ALLOW,169.0,49.0,3.0,16.0,8.0,10.0,34.0,15.0,4.0
data/scans/high-qual/ruby-3.2-slim.json,ruby:3.2-slim,high-qual,ALLOW,ALLOW,172.0,49.0,3.0,16.0,8.0,10.0,34.0,15.0,4.0
data/scans/high-qual/ruby-3.1-slim.json,ruby:3.1-slim,high-qual,ALLOW,WARN,181.0,101.0,6.0,45.0,25.0,10.0,60.0,34.0,384.0
data/scans/high-qual/ruby-3.3-bookworm.json,ruby:3.3-bookworm,high-qual,ALLOW,BLOCK,500.0,1217.0,16.0,580.0,255.0,10.0,105.0,395.0,6.0
data/scans/high-qual/php-8.1-fpm-alpine.json,php:8.1-fpm-alpine,high-qual,ALLOW,ALLOW,41.0,21.0,1.0,17.0,5.0,9.8,12.0,10.0,113.0
data/scans/high-qual/php-8.2-cli-alpine.json,php:8.2-cli-alpine,high-qual,ALLOW,ALLOW,43.0,11.0,0.0,8.0,3.0,8.6,9.0,6.0,0.0
data/scans/high-qual/php-8.3-cli-alpine.json,php:8.3-cli-alpine,high-qual,ALLOW,ALLOW,43.0,11.0,0.0,8.0,3.0,8.6,9.0,6.0,0.0
data/scans/high-qual/php-8.1-cli-alpine.json,php:8.1-cli-alpine,high-qual,ALLOW,ALLOW,41.0,21.0,1.0,17.0,5.0,9.8,12.0,10.0,113.0
data/scans/high-qual/php-8.3-fpm-bookworm.json,php:8.3-fpm-bookworm,high-qual,ALLOW,BLOCK,174.0,1018.0,10.0,490.0,191.0,10.0,78.0,292.0,7.0
data/scans/high-qual/php-8.2-fpm-bookworm.json,php:8.2-fpm-bookworm,high-qual,ALLOW,BLOCK,174.0,1018.0,10.0,490.0,191.0,10.0,78.0,292.0,7.0
data/scans/high-qual/eclipse-temurin-21-jdk-alpine.json,eclipse-temurin:21-jdk-alpine,high-qual,ALLOW,ALLOW,78.0,20.0,0.0,12.0,7.0,8.6,13.0,13.0,0.0
data/scans/high-qual/eclipse-temurin-17-jre-alpine.json,eclipse-temurin:17-jre-alpine,high-qual,ALLOW,ALLOW,74.0,20.0,0.0,12.0,7.0,8.6,13.0,13.0,0.0
data/scans/high-qual/eclipse-temurin-17-jdk-alpine.json,eclipse-temurin:17-jdk-alpine,high-qual,ALLOW,ALLOW,78.0,20.0,0.0,12.0,7.0,8.6,13.0,13.0,0.0
data/scans/high-qual/eclipse-temurin-21-jre-jammy.json,eclipse-temurin:21-jre-jammy,high-qual,ALLOW,ALLOW,144.0,19.0,0.0,10.0,5.0,7.8,16.0,6.0,0.0
data/scans/high-qual/amazoncorretto-17-alpine.json,amazoncorretto:17-alpine,high-qual,ALLOW,ALLOW,30.0,11.0,0.0,8.0,3.0,8.6,9.0,6.0,75.0
data/scans/high-qual/amazoncorretto-21-al2023.json,amazoncorretto:21-al2023,high-qual,ALLOW,ALLOW,145.0,16.0,0.0,16.0,6.0,7.6,11.0,7.0,0.0
data/scans/high-qual/tomcat-11.0-jdk21-temurin.json,tomcat:11.0-jdk21-temurin,high-qual,ALLOW,ALLOW,186.0,21.0,0.0,7.0,2.0,7.5,16.0,7.0,3.0
data/scans/high-qual/debian-trixie-slim.json,debian:trixie-slim,high-qual,ALLOW,ALLOW,79.0,49.0,3.0,16.0,8.0,10.0,34.0,15.0,7.0
data/scans/high-qual/debian-bookworm.json,debian:bookworm,high-qual,ALLOW,ALLOW,89.0,58.0,5.0,18.0,12.0,10.0,39.0,13.0,7.0
data/scans/high-qual/ubuntu-24.10.json,ubuntu:24.10,high-qual,ALLOW,ALLOW,93.0,0.0,0.0,0.0,0.0,0.0,0.0,0.0,286.0
data/scans/high-qual/ubuntu-mantic.json,ubuntu:mantic,high-qual,ALLOW,WARN,90.0,0.0,0.0,0.0,0.0,0.0,0.0,0.0,678.0
data/scans/high-qual/alpine-3.20.json,alpine:3.20,high-qual,ALLOW,ALLOW,15.0,8.0,0.0,7.0,2.0,7.8,7.0,5.0,76.0
data/scans/high-qual/fedora-40.json,fedora:40,high-qual,ALLOW,WARN,0.0,0.0,0.0,0.0,0.0,0.0,0.0,0.0,383.0
data/scans/high-qual/fedora-41.json,fedora:41,high-qual,ALLOW,ALLOW,0.0,0.0,0.0,0.0,0.0,0.0,0.0,0.0,131.0
data/scans/high-qual/rockylinux-9.json,rockylinux:9,high-qual,ALLOW,WARN,142.0,112.0,12.0,83.0,57.0,9.8,64.0,51.0,684.0
data/scans/high-qual/rockylinux-9-minimal.json,rockylinux:9-minimal,high-qual,ALLOW,WARN,119.0,82.0,9.0,59.0,37.0,9.8,51.0,35.0,684.0
data/scans/high-qual/busybox-1.37.json,busybox:1.37,high-qual,ALLOW,ALLOW,0.0,0.0,0.0,0.0,0.0,0.0,0.0,0.0,21.0
data/scans/high-qual/nginx-1.25-alpine.json,nginx:1.25-alpine,high-qual,ALLOW,WARN,67.0,51.0,4.0,27.0,21.0,9.8,32.0,23.0,707.0
data/scans/high-qual/nginx-1.26-alpine.json,nginx:1.26-alpine,high-qual,ALLOW,ALLOW,68.0,47.0,1.0,33.0,16.0,9.8,22.0,29.0,362.0
data/scans/high-qual/nginx-1.25-bookworm.json,nginx:1.25-bookworm,high-qual,ALLOW,WARN,150.0,257.0,19.0,123.0,86.0,10.0,85.0,109.0,699.0
data/scans/high-qual/nginx-1.26-bookworm.json,nginx:1.26-bookworm,high-qual,ALLOW,WARN,150.0,212.0,14.0,97.0,68.0,10.0,72.0,87.0,371.0
data/scans/high-qual/httpd-2.4-alpine.json,httpd:2.4-alpine,high-qual,ALLOW,ALLOW,43.0,17.0,0.0,9.0,4.0,8.6,14.0,9.0,0.0
data/scans/high-qual/httpd-2.4.59-alpine.json,httpd:2.4.59-alpine,high-qual,ALLOW,WARN,40.0,62.0,5.0,41.0,21.0,9.8,31.0,29.0,662.0
data/scans/high-qual/httpd-2.4.62-alpine.json,httpd:2.4.62-alpine,high-qual,ALLOW,WARN,41.0,55.0,4.0,37.0,21.0,9.8,28.0,30.0,460.0
data/scans/high-qual/httpd-2.4.62-bookworm.json,httpd:2.4.62-bookworm,high-qual,ALLOW,WARN,117.0,167.0,10.0,76.0,51.0,10.0,72.0,55.0,455.0
data/scans/high-qual/postgres-17-alpine.json,postgres:17-alpine,high-qual,ALLOW,ALLOW,51.0,37.0,1.0,25.0,15.0,10.0,15.0,12.0,0.0
data/scans/high-qual/postgres-16.3-alpine3.20.json,postgres:16.3-alpine3.20,high-qual,ALLOW,WARN,51.0,126.0,8.0,105.0,68.0,10.0,43.0,46.0,629.0
data/scans/high-qual/postgres-17.0-alpine3.20.json,postgres:17.0-alpine3.20,high-qual,ALLOW,WARN,51.0,124.0,8.0,103.0,67.0,10.0,42.0,45.0,518.0
data/scans/high-qual/mysql-9.0.json,mysql:9.0,high-qual,ALLOW,WARN,144.0,189.0,18.0,144.0,100.0,10.0,67.0,64.0,570.0
data/scans/high-qual/mysql-8.4.0.json,mysql:8.4.0,high-qual,ALLOW,WARN,144.0,205.0,21.0,156.0,111.0,10.0,73.0,68.0,661.0
data/scans/high-qual/mariadb-11.4.json,mariadb:11.4,high-qual,ALLOW,ALLOW,155.0,37.0,1.0,24.0,15.0,10.0,14.0,12.0,0.0
data/scans/high-qual/mariadb-10.11.json,mariadb:10.11,high-qual,ALLOW,ALLOW,157.0,46.0,1.0,29.0,20.0,10.0,21.0,13.0,0.0
data/scans/high-qual/cassandra-4.1.json,cassandra:4.1,high-qual,ALLOW,WARN,198.0,158.0,8.0,76.0,47.0,10.0,63.0,53.0,0.0
data/scans/high-qual/cassandra-5.0.json,cassandra:5.0,high-qual,ALLOW,WARN,230.0,146.0,7.0,72.0,43.0,10.0,58.0,45.0,0.0
data/scans/high-qual/couchdb-3.3.json,couchdb:3.3,high-qual,ALLOW,WARN,135.0,127.0,8.0,55.0,32.0,10.0,65.0,37.0,350.0
data/scans/high-qual/influxdb-2.7-alpine.json,influxdb:2.7-alpine,high-qual,ALLOW,ALLOW,312.0,67.0,4.0,44.0,26.0,10.0,24.0,17.0,76.0
data/scans/high-qual/neo4j-5.19-community.json,neo4j:5.19-community,high-qual,ALLOW,WARN,346.0,167.0,9.0,74.0,50.0,10.0,76.0,56.0,700.0
data/scans/high-qual/rabbitmq-3.13-alpine.json,rabbitmq:3.13-alpine,high-qual,ALLOW,ALLOW,31.0,23.0,1.0,19.0,5.0,9.8,13.0,11.0,133.0
data/scans/high-qual/nats-2.10-alpine.json,nats:2.10-alpine,high-qual,ALLOW,ALLOW,31.0,42.0,1.0,28.0,16.0,10.0,15.0,13.0,76.0
data/scans/high-qual/zookeeper-3.9.json,zookeeper:3.9,high-qual,ALLOW,ALLOW,205.0,23.0,0.0,10.0,5.0,7.8,18.0,8.0,0.0
data/scans/high-qual/eclipse-mosquitto-2.0.json,eclipse-mosquitto:2.0,high-qual,ALLOW,ALLOW,21.0,11.0,0.0,8.0,3.0,8.6,9.0,6.0,68.0
data/scans/high-qual/eclipse-mosquitto-2.0-openssl.json,eclipse-mosquitto:2.0-openssl,high-qual,ALLOW,ALLOW,21.0,11.0,0.0,8.0,3.0,8.6,9.0,6.0,68.0
data/scans/high-qual/prom-prometheus-v2.51.0.json,prom/prometheus:v2.51.0,high-qual,ALLOW,WARN,338.0,62.0,6.0,45.0,32.0,10.0,23.0,10.0,756.0
data/scans/high-qual/prom-prometheus-v2.52.0.json,prom/prometheus:v2.52.0,high-qual,ALLOW,WARN,344.0,59.0,6.0,42.0,28.0,10.0,22.0,10.0,706.0
data/scans/high-qual/grafana-grafana-10.4.0.json,grafana/grafana:10.4.0,high-qual,ALLOW,WARN,431.0,107.0,8.0,61.0,42.0,10.0,40.0,25.0,769.0
data/scans/high-qual/grafana-grafana-10.3.0.json,grafana/grafana:10.3.0,high-qual,ALLOW,WARN,414.0,105.0,8.0,65.0,43.0,10.0,37.0,25.0,812.0
data/scans/high-qual/grafana-loki-2.9.4.json,grafana/loki:2.9.4,high-qual,ALLOW,WARN,248.0,80.0,6.0,51.0,35.0,10.0,25.0,23.0,811.0
data/scans/high-qual/grafana-tempo-2.4.0.json,grafana/tempo:2.4.0,high-qual,ALLOW,WARN,301.0,86.0,6.0,55.0,38.0,10.0,30.0,22.0,778.0
data/scans/high-qual/elasticsearch-8.13.0.json,elasticsearch:8.13.0,high-qual,ALLOW,WARN,601.0,71.0,5.0,36.0,25.0,10.0,37.0,25.0,753.0
data/scans/high-qual/kibana-8.13.0.json,kibana:8.13.0,high-qual,ALLOW,WARN,1555.0,119.0,15.0,76.0,62.0,10.0,64.0,44.0,753.0
data/scans/high-qual/jenkins-jenkins-lts-jdk21.json,jenkins/jenkins:lts-jdk21,high-qual,ALLOW,WARN,317.0,131.0,6.0,50.0,35.0,10.0,61.0,40.0,0.0
data/scans/high-qual/jenkins-jenkins-lts-jdk17.json,jenkins/jenkins:lts-jdk17,high-qual,ALLOW,WARN,317.0,131.0,6.0,50.0,35.0,10.0,61.0,40.0,27.0
data/scans/high-qual/gitlab-gitlab-ce-16.11.1-ce.0.json,gitlab/gitlab-ce:16.11.1-ce.0,high-qual,ALLOW,WARN,3141.0,330.0,35.0,192.0,143.0,10.0,114.0,109.0,720.0
data/scans/high-qual/sonatype-nexus3-3.67.1.json,sonatype/nexus3:3.67.1,high-qual,ALLOW,BLOCK,640.0,382.0,23.0,194.0,131.0,10.0,108.0,175.0,748.0
data/scans/high-qual/sonarqube-10.5-community.json,sonarqube:10.5-community,high-qual,ALLOW,WARN,746.0,160.0,10.0,83.0,57.0,10.0,72.0,61.0,678.0
data/scans/high-qual/gitea-gitea-1.21.11.json,gitea/gitea:1.21.11,high-qual,ALLOW,WARN,340.0,127.0,14.0,77.0,58.0,10.0,65.0,40.0,728.0
data/scans/high-qual/drone-drone-2.23.0.json,drone/drone:2.23.0,high-qual,ALLOW,WARN,98.0,166.0,10.0,123.0,93.0,10.0,52.0,50.0,715.0
data/scans/high-qual/registry-2.8.3.json,registry:2.8.3,high-qual,ALLOW,WARN,19.0,50.0,3.0,37.0,22.0,10.0,10.0,10.0,424.0
data/scans/high-qual/traefik-v3.1.json,traefik:v3.1,high-qual,ALLOW,WARN,336.0,87.0,5.0,58.0,34.0,10.0,36.0,25.0,517.0
data/scans/high-qual/haproxy-3.0-alpine.json,haproxy:3.0-alpine,high-qual,ALLOW,ALLOW,25.0,9.0,0.0,7.0,2.0,7.8,8.0,5.0,24.0
data/scans/high-qual/envoyproxy-envoy-v1.29.3.json,envoyproxy/envoy:v1.29.3,high-qual,ALLOW,WARN,104.0,74.0,5.0,47.0,23.0,9.8,46.0,27.0,739.0
data/scans/high-qual/envoyproxy-envoy-v1.30.1.json,envoyproxy/envoy:v1.30.1,high-qual,ALLOW,WARN,104.0,70.0,5.0,46.0,22.0,9.8,43.0,26.0,725.0
data/scans/high-qual/coredns-coredns-1.11.1.json,coredns/coredns:1.11.1,high-qual,ALLOW,WARN,118.0,75.0,5.0,48.0,32.0,10.0,21.0,17.0,973.0
data/scans/high-qual/varnish-7.5-alpine.json,varnish:7.5-alpine,high-qual,ALLOW,WARN,42.0,8.0,0.0,4.0,3.0,7.8,13.0,4.0,423.0
data/scans/high-qual/ubuntu-squid-6.1-23.10_beta.json,ubuntu/squid:6.1-23.10_beta,high-qual,ALLOW,ALLOW,122.0,0.0,0.0,0.0,0.0,0.0,0.0,0.0,141.0
data/scans/high-qual/keycloak-keycloak-24.0.json,keycloak/keycloak:24.0,high-qual,ALLOW,WARN,468.0,135.0,2.0,60.0,44.0,9.8,71.0,48.0,421.0
data/scans/high-qual/keycloak-keycloak-23.0.json,keycloak/keycloak:23.0,high-qual,ALLOW,WARN,480.0,182.0,4.0,87.0,61.0,10.0,85.0,69.0,817.0
data/scans/high-qual/minio-minio-RELEASE.2024-04-06T05-26-02Z.json,minio/minio:RELEASE.2024-04-06T05-26-02Z,high-qual,ALLOW,WARN,358.0,85.0,6.0,59.0,36.0,10.0,35.0,22.0,775.0
data/scans/high-qual/wordpress-6.5-php8.2-apache.json,wordpress:6.5-php8.2-apache,high-qual,ALLOW,BLOCK,247.0,4058.0,57.0,3068.0,1117.0,10.0,131.0,1473.0,647.0
data/scans/high-qual/drupal-10.2-php8.2-apache.json,drupal:10.2-php8.2-apache,high-qual,ALLOW,BLOCK,258.0,3000.0,30.0,2219.0,771.0,10.0,122.0,998.0,487.0
data/scans/high-qual/ghost-5.82-alpine.json,ghost:5.82-alpine,high-qual,ALLOW,WARN,2528.0,168.0,13.0,106.0,103.0,10.0,69.0,72.0,684.0
data/scans/high-qual/solr-9.6-slim.json,solr:9.6-slim,high-qual,ALLOW,WARN,275.0,120.0,4.0,60.0,38.0,9.8,62.0,43.0,537.0
data/scans/high-qual/redis-7.4-alpine.json,redis:7.4-alpine,high-qual,ALLOW,ALLOW,23.0,97.0,6.0,81.0,53.0,10.0,28.0,29.0,50.0
data/scans/high-qual/memcached-1.6.26-alpine.json,memcached:1.6.26-alpine,high-qual,ALLOW,WARN,20.0,18.0,1.0,7.0,7.0,7.8,13.0,10.0,726.0
data/scans/high-qual/solr-9.5-slim.json,solr:9.5-slim,high-qual,ALLOW,WARN,276.0,127.0,6.0,65.0,43.0,9.8,64.0,44.0,598.0
data/scans/high-qual/influxdb-2.7.json,influxdb:2.7,high-qual,ALLOW,WARN,578.0,201.0,13.0,122.0,81.0,10.0,76.0,48.0,7.0
data/scans/high-qual/neo4j-5-community.json,neo4j:5-community,high-qual,ALLOW,WARN,340.0,482.0,7.0,182.0,74.0,10.0,63.0,89.0,7.0
data/scans/aged-stale/nginx-1.18.0.json,nginx:1.18.0,aged-stale,WARN,BLOCK,136.0,279.0,44.0,180.0,136.0,10.0,83.0,155.0,1801.0
data/scans/aged-stale/nginx-1.19.0.json,nginx:1.19.0,aged-stale,WARN,BLOCK,136.0,332.0,46.0,222.0,173.0,10.0,89.0,178.0,2106.0
data/scans/aged-stale/nginx-1.20.0.json,nginx:1.20.0,aged-stale,WARN,BLOCK,136.0,277.0,44.0,179.0,135.0,10.0,82.0,155.0,1769.0
data/scans/aged-stale/nginx-1.21.0.json,nginx:1.21.0,aged-stale,WARN,WARN,136.0,252.0,30.0,157.0,113.0,10.0,80.0,133.0,1727.0
data/scans/aged-stale/nginx-1.22.0.json,nginx:1.22.0,aged-stale,WARN,BLOCK,143.0,346.0,18.0,177.0,114.0,10.0,94.0,156.0,1257.0
data/scans/aged-stale/alpine-3.12.json,alpine:3.12,aged-stale,WARN,WARN,15.0,1.0,1.0,1.0,1.0,9.8,2.0,1.0,1441.0
data/scans/aged-stale/alpine-3.13.json,alpine:3.13,aged-stale,WARN,WARN,15.0,0.0,0.0,0.0,0.0,0.0,0.0,0.0,1222.0
data/scans/aged-stale/alpine-3.14.json,alpine:3.14,aged-stale,WARN,WARN,15.0,0.0,0.0,0.0,0.0,0.0,0.0,0.0,1083.0
data/scans/aged-stale/ubuntu-16.04.json,ubuntu:16.04,aged-stale,WARN,WARN,98.0,0.0,0.0,0.0,0.0,0.0,0.0,0.0,1238.0
data/scans/aged-stale/ubuntu-18.04.json,ubuntu:18.04,aged-stale,WARN,WARN,90.0,0.0,0.0,0.0,0.0,0.0,0.0,0.0,1019.0
data/scans/aged-stale/debian-buster.json,debian:buster,aged-stale,WARN,WARN,92.0,38.0,2.0,22.0,18.0,9.8,29.0,18.0,641.0
data/scans/aged-stale/debian-stretch.json,debian:stretch,aged-stale,WARN,WARN,84.0,33.0,2.0,16.0,17.0,9.8,21.0,17.0,1362.0
data/scans/aged-stale/python-3.6.15.json,python:3.6.15,aged-stale,WARN,BLOCK,430.0,6975.0,97.0,4410.0,1961.0,10.0,195.0,2600.0,1545.0
data/scans/aged-stale/python-3.7.12.json,python:3.7.12,aged-stale,WARN,BLOCK,430.0,6868.0,82.0,4356.0,1922.0,10.0,194.0,2556.0,1469.0
data/scans/aged-stale/python-3.8.10.json,python:3.8.10,aged-stale,WARN,BLOCK,434.0,1480.0,49.0,1018.0,585.0,10.0,147.0,741.0,1721.0
data/scans/aged-stale/python-3.9.5.json,python:3.9.5,aged-stale,WARN,BLOCK,434.0,1480.0,49.0,1018.0,585.0,10.0,147.0,741.0,1721.0
data/scans/aged-stale/node-10.24.1.json,node:10.24.1,aged-stale,WARN,BLOCK,851.0,540.0,39.0,364.0,285.0,10.0,93.0,274.0,1801.0
data/scans/aged-stale/node-12.22.9.json,node:12.22.9,aged-stale,WARN,BLOCK,853.0,353.0,26.0,238.0,196.0,10.0,78.0,175.0,1508.0
data/scans/aged-stale/node-14.17.0.json,node:14.17.0,aged-stale,WARN,BLOCK,851.0,531.0,39.0,359.0,279.0,10.0,91.0,268.0,1753.0
data/scans/aged-stale/node-15.14.0.json,node:15.14.0,aged-stale,WARN,BLOCK,667.0,532.0,38.0,359.0,279.0,10.0,94.0,267.0,0.0
data/scans/aged-stale/node-16.13.0.json,node:16.13.0,aged-stale,WARN,BLOCK,637.0,1353.0,48.0,926.0,537.0,10.0,149.0,670.0,0.0
data/scans/aged-stale/golang-1.15.15.json,golang:1.15.15,aged-stale,WARN,BLOCK,238.0,1210.0,53.0,920.0,517.0,10.0,142.0,567.0,0.0
data/scans/aged-stale/golang-1.16.15.json,golang:1.16.15,aged-stale,WARN,BLOCK,241.0,6430.0,62.0,4140.0,1748.0,10.0,177.0,2262.0,0.0
data/scans/aged-stale/golang-1.17.13.json,golang:1.17.13,aged-stale,WARN,BLOCK,241.0,5810.0,57.0,3843.0,1584.0,10.0,172.0,2016.0,0.0
data/scans/aged-stale/rust-1.50.0.json,rust:1.50.0,aged-stale,WARN,BLOCK,414.0,1623.0,63.0,1129.0,647.0,10.0,150.0,817.0,0.0
data/scans/aged-stale/rust-1.55.0.json,rust:1.55.0,aged-stale,WARN,BLOCK,410.0,7102.0,98.0,4478.0,1989.0,10.0,197.0,2662.0,0.0
data/scans/aged-stale/ruby-2.5.9.json,ruby:2.5.9,aged-stale,WARN,BLOCK,447.0,1465.0,50.0,1012.0,580.0,10.0,148.0,730.0,0.0
data/scans/aged-stale/ruby-2.6.8.json,ruby:2.6.8,aged-stale,WARN,BLOCK,454.0,7118.0,100.0,4491.0,2000.0,10.0,198.0,2666.0,0.0
data/scans/aged-stale/ruby-2.7.4.json,ruby:2.7.4,aged-stale,WARN,BLOCK,465.0,7123.0,100.0,4494.0,2003.0,10.0,199.0,2665.0,0.0
data/scans/aged-stale/php-7.2.34.json,php:7.2.34,aged-stale,WARN,BLOCK,160.0,1237.0,22.0,918.0,491.0,10.0,132.0,612.0,0.0
data/scans/aged-stale/php-7.3.33.json,php:7.3.33,aged-stale,WARN,BLOCK,168.0,6139.0,47.0,3941.0,1615.0,10.0,156.0,2174.0,0.0
data/scans/aged-stale/php-7.4.26.json,php:7.4.26,aged-stale,WARN,BLOCK,169.0,6516.0,49.0,4132.0,1726.0,10.0,160.0,2349.0,0.0
data/scans/aged-stale/postgres-9.6.24.json,postgres:9.6.24,aged-stale,WARN,WARN,136.0,158.0,12.0,120.0,95.0,10.0,53.0,50.0,0.0
data/scans/aged-stale/postgres-12.14.json,postgres:12.14,aged-stale,WARN,WARN,152.0,272.0,17.0,173.0,121.0,10.0,90.0,85.0,0.0
data/scans/aged-stale/mysql-5.6.51.json,mysql:5.6.51,aged-stale,WARN,WARN,117.0,150.0,11.0,113.0,86.0,10.0,45.0,49.0,0.0
data/scans/aged-stale/mysql-5.7.30.json,mysql:5.7.30,aged-stale,WARN,WARN,130.0,267.0,24.0,198.0,155.0,10.0,76.0,97.0,0.0
data/scans/aged-stale/mysql-5.7.35.json,mysql:5.7.35,aged-stale,WARN,WARN,130.0,219.0,20.0,159.0,122.0,10.0,71.0,73.0,0.0
data/scans/aged-stale/mariadb-10.3.34.json,mariadb:10.3.34,aged-stale,WARN,WARN,189.0,520.0,18.0,275.0,154.0,10.0,76.0,124.0,0.0
data/scans/aged-stale/mariadb-10.4.24.json,mariadb:10.4.24,aged-stale,WARN,WARN,189.0,483.0,18.0,238.0,119.0,10.0,75.0,105.0,0.0
data/scans/aged-stale/redis-5.0.14.json,redis:5.0.14,aged-stale,WARN,WARN,102.0,251.0,14.0,168.0,116.0,10.0,84.0,71.0,0.0
data/scans/aged-stale/redis-6.0.9.json,redis:6.0.9,aged-stale,WARN,WARN,89.0,223.0,20.0,163.0,122.0,10.0,70.0,79.0,0.0
data/scans/aged-stale/redis-6.2.5.json,redis:6.2.5,aged-stale,WARN,WARN,89.0,207.0,16.0,150.0,113.0,10.0,68.0,68.0,0.0
data/scans/aged-stale/mongo-4.0.28.json,mongo:4.0.28,aged-stale,WARN,ALLOW,143.0,107.0,7.0,92.0,64.0,10.0,29.0,28.0,0.0
data/scans/aged-stale/mongo-4.2.10.json,mongo:4.2.10,aged-stale,WARN,WARN,147.0,245.0,21.0,190.0,150.0,10.0,72.0,94.0,0.0
data/scans/aged-stale/mongo-4.4.5.json,mongo:4.4.5,aged-stale,WARN,WARN,304.0,223.0,22.0,172.0,134.0,10.0,70.0,86.0,0.0
data/scans/aged-stale/tomcat-8.5.60.json,tomcat:8.5.60,aged-stale,WARN,BLOCK,212.0,300.0,52.0,210.0,182.0,10.0,107.0,122.0,0.0
data/scans/aged-stale/tomcat-9.0.40.json,tomcat:9.0.40,aged-stale,WARN,BLOCK,215.0,305.0,51.0,215.0,185.0,10.0,109.0,123.0,0.0
data/scans/aged-stale/httpd-2.4.41.json,httpd:2.4.41,aged-stale,WARN,BLOCK,121.0,1406.0,39.0,1067.0,573.0,10.0,135.0,698.0,0.0
data/scans/aged-stale/httpd-2.4.46.json,httpd:2.4.46,aged-stale,WARN,WARN,111.0,188.0,32.0,117.0,103.0,10.0,73.0,82.0,0.0
data/scans/aged-stale/wordpress-5.4.2.json,wordpress:5.4.2,aged-stale,WARN,BLOCK,223.0,1674.0,68.0,1167.0,669.0,10.0,148.0,871.0,0.0
data/scans/aged-stale/wordpress-5.7.2.json,wordpress:5.7.2,aged-stale,WARN,BLOCK,224.0,1343.0,51.0,930.0,521.0,10.0,137.0,686.0,0.0
data/scans/aged-stale/ghost-3.42.5.json,ghost:3.42.5,aged-stale,WARN,WARN,2313.0,353.0,37.0,247.0,213.0,10.0,93.0,121.0,0.0
data/scans/aged-stale/caddy-2.3.0.json,caddy:2.3.0,aged-stale,WARN,WARN,102.0,151.0,17.0,128.0,99.0,10.0,46.0,53.0,0.0
data/scans/aged-stale/haproxy-2.2.14.json,haproxy:2.2.14,aged-stale,WARN,WARN,89.0,108.0,12.0,65.0,55.0,10.0,51.0,47.0,0.0
data/scans/aged-stale/vault-1.7.3.json,vault:1.7.3,aged-stale,WARN,WARN,22.0,116.0,10.0,104.0,77.0,10.0,35.0,41.0,0.0
data/scans/aged-stale/python-2.7.18.json,python:2.7.18,aged-stale,WARN,BLOCK,449.0,1939.0,71.0,1373.0,800.0,10.0,159.0,978.0,0.0
data/scans/aged-stale/python-2.7.18-slim.json,python:2.7.18-slim,aged-stale,WARN,WARN,98.0,153.0,14.0,95.0,79.0,10.0,59.0,73.0,0.0
data/scans/aged-stale/python-3.4.10.json,python:3.4.10,aged-stale,WARN,BLOCK,431.0,1176.0,85.0,843.0,600.0,10.0,111.0,626.0,0.0
data/scans/aged-stale/python-3.5.10.json,python:3.5.10,aged-stale,WARN,BLOCK,434.0,1803.0,67.0,1262.0,739.0,10.0,157.0,913.0,0.0
data/scans/aged-stale/python-3.6.15-slim.json,python:3.6.15-slim,aged-stale,WARN,WARN,109.0,234.0,36.0,135.0,100.0,10.0,87.0,80.0,0.0
data/scans/aged-stale/python-3.8.19.json,python:3.8.19,aged-stale,WARN,BLOCK,433.0,3809.0,53.0,2820.0,1062.0,10.0,148.0,1377.0,0.0
data/scans/aged-stale/python-3.9.18.json,python:3.9.18,aged-stale,WARN,BLOCK,433.0,4891.0,63.0,3620.0,1334.0,10.0,161.0,1792.0,0.0
data/scans/aged-stale/python-3.10.14.json,python:3.10.14,aged-stale,WARN,BLOCK,433.0,3808.0,53.0,2819.0,1061.0,10.0,148.0,1377.0,0.0
data/scans/aged-stale/node-4.9.1.json,node:4.9.1,aged-stale,WARN,BLOCK,593.0,941.0,86.0,651.0,520.0,10.0,106.0,496.0,0.0
data/scans/aged-stale/node-6.17.1.json,node:6.17.1,aged-stale,WARN,BLOCK,681.0,1176.0,84.0,833.0,603.0,10.0,118.0,600.0,0.0
data/scans/aged-stale/node-8.17.0.json,node:8.17.0,aged-stale,WARN,BLOCK,845.0,1050.0,74.0,741.0,543.0,10.0,111.0,537.0,0.0
data/scans/aged-stale/node-9.11.2.json,node:9.11.2,aged-stale,WARN,BLOCK,860.0,902.0,88.0,625.0,496.0,10.0,104.0,464.0,0.0
data/scans/aged-stale/node-11.15.0.json,node:11.15.0,aged-stale,WARN,BLOCK,841.0,1154.0,80.0,813.0,590.0,10.0,115.0,590.0,0.0
data/scans/aged-stale/node-13.14.0.json,node:13.14.0,aged-stale,WARN,BLOCK,850.0,949.0,64.0,661.0,499.0,10.0,109.0,478.0,0.0
data/scans/aged-stale/node-17.9.1.json,node:17.9.1,aged-stale,WARN,BLOCK,614.0,6645.0,84.0,4305.0,1857.0,10.0,196.0,2454.0,0.0
data/scans/aged-stale/golang-1.13.15.json,golang:1.13.15,aged-stale,WARN,BLOCK,238.0,1489.0,57.0,1131.0,637.0,10.0,147.0,700.0,0.0
data/scans/aged-stale/golang-1.14.15.json,golang:1.14.15,aged-stale,WARN,BLOCK,238.0,1370.0,57.0,1036.0,579.0,10.0,145.0,636.0,0.0
data/scans/aged-stale/golang-1.18.10.json,golang:1.18.10,aged-stale,WARN,BLOCK,242.0,5318.0,54.0,3631.0,1423.0,10.0,167.0,1848.0,0.0
data/scans/aged-stale/golang-1.19.13.json,golang:1.19.13,aged-stale,WARN,BLOCK,245.0,5405.0,48.0,3995.0,1448.0,10.0,155.0,1948.0,0.0
data/scans/aged-stale/golang-1.20.14.json,golang:1.20.14,aged-stale,WARN,BLOCK,247.0,4734.0,43.0,3553.0,1253.0,10.0,145.0,1678.0,0.0
data/scans/aged-stale/rust-1.45.2.json,rust:1.45.2,aged-stale,WARN,BLOCK,414.0,1790.0,66.0,1250.0,728.0,10.0,157.0,906.0,0.0
data/scans/aged-stale/rust-1.48.0.json,rust:1.48.0,aged-stale,WARN,BLOCK,414.0,1666.0,63.0,1163.0,674.0,10.0,154.0,839.0,0.0
data/scans/aged-stale/rust-1.60.0.json,rust:1.60.0,aged-stale,WARN,BLOCK,410.0,6632.0,85.0,4295.0,1849.0,10.0,192.0,2449.0,0.0
data/scans/aged-stale/rust-1.65.0.json,rust:1.65.0,aged-stale,WARN,BLOCK,410.0,6007.0,74.0,3994.0,1671.0,10.0,184.0,2215.0,0.0
data/scans/aged-stale/ruby-2.2.10.json,ruby:2.2.10,aged-stale,WARN,BLOCK,392.0,892.0,81.0,622.0,492.0,10.0,95.0,484.0,0.0
data/scans/aged-stale/ruby-2.3.8.json,ruby:2.3.8,aged-stale,WARN,BLOCK,425.0,1170.0,85.0,842.0,599.0,10.0,111.0,622.0,0.0
data/scans/aged-stale/ruby-2.4.10.json,ruby:2.4.10,aged-stale,WARN,BLOCK,431.0,1937.0,73.0,1377.0,804.0,10.0,160.0,977.0,0.0
data/scans/aged-stale/php-5.6.40.json,php:5.6.40,aged-stale,WARN,BLOCK,156.0,786.0,38.0,608.0,395.0,10.0,95.0,433.0,0.0
data/scans/aged-stale/php-5.6.40-fpm.json,php:5.6.40-fpm,aged-stale,WARN,BLOCK,156.0,786.0,38.0,608.0,395.0,10.0,95.0,433.0,0.0
data/scans/aged-stale/php-7.0.33.json,php:7.0.33,aged-stale,WARN,BLOCK,156.0,792.0,38.0,612.0,398.0,10.0,95.0,436.0,0.0
data/scans/aged-stale/php-7.0.33-fpm.json,php:7.0.33-fpm,aged-stale,WARN,BLOCK,156.0,792.0,38.0,612.0,398.0,10.0,95.0,436.0,0.0
data/scans/aged-stale/php-7.1.33.json,php:7.1.33,aged-stale,WARN,BLOCK,158.0,1510.0,35.0,1137.0,610.0,10.0,137.0,757.0,0.0
data/scans/aged-stale/php-8.0.30.json,php:8.0.30,aged-stale,WARN,BLOCK,169.0,4117.0,41.0,2889.0,1093.0,10.0,136.0,1474.0,0.0
data/scans/aged-stale/openjdk-8u332-jre-slim.json,openjdk:8u332-jre-slim,aged-stale,WARN,WARN,101.0,170.0,12.0,89.0,59.0,10.0,74.0,59.0,0.0
data/scans/aged-stale/openjdk-11.0.11-jre-slim.json,openjdk:11.0.11-jre-slim,aged-stale,WARN,WARN,91.0,103.0,10.0,61.0,51.0,10.0,50.0,43.0,0.0
data/scans/aged-stale/tomcat-6.0.53-jre8.json,tomcat:6.0.53-jre8,aged-stale,WARN,BLOCK,180.0,472.0,99.0,321.0,228.0,10.0,77.0,158.0,0.0
data/scans/aged-stale/tomcat-9.0.89-jre11.json,tomcat:9.0.89-jre11,aged-stale,WARN,WARN,164.0,139.0,15.0,91.0,62.0,9.8,75.0,48.0,0.0
data/scans/aged-stale/ubuntu-14.04.json,ubuntu:14.04,aged-stale,WARN,ALLOW,214.0,0.0,0.0,0.0,0.0,0.0,0.0,0.0,0.0
data/scans/aged-stale/debian-jessie.json,debian:jessie,aged-stale,WARN,ALLOW,112.0,26.0,2.0,10.0,11.0,9.8,17.0,7.0,0.0
data/scans/aged-stale/debian-wheezy.json,debian:wheezy,aged-stale,WARN,WARN,81.0,55.0,11.0,32.0,29.0,9.8,22.0,21.0,0.0
data/scans/aged-stale/alpine-3.10.json,alpine:3.10,aged-stale,WARN,ALLOW,15.0,1.0,1.0,1.0,1.0,9.1,1.0,1.0,0.0
data/scans/aged-stale/alpine-3.11.json,alpine:3.11,aged-stale,WARN,ALLOW,15.0,1.0,1.0,1.0,1.0,9.8,2.0,1.0,0.0
data/scans/aged-stale/alpine-3.15.json,alpine:3.15,aged-stale,WARN,ALLOW,15.0,0.0,0.0,0.0,0.0,0.0,0.0,0.0,0.0
data/scans/aged-stale/centos-7.json,centos:7,aged-stale,WARN,BLOCK,149.0,975.0,81.0,553.0,480.0,10.0,135.0,492.0,0.0
data/scans/aged-stale/centos-6.json,centos:6,aged-stale,WARN,BLOCK,130.0,1065.0,91.0,586.0,508.0,10.0,143.0,523.0,2747.0
data/scans/aged-stale/fedora-28.json,fedora:28,aged-stale,WARN,ALLOW,0.0,0.0,0.0,0.0,0.0,0.0,0.0,0.0,0.0
data/scans/aged-stale/fedora-29.json,fedora:29,aged-stale,WARN,ALLOW,0.0,0.0,0.0,0.0,0.0,0.0,0.0,0.0,0.0
data/scans/aged-stale/nginx-1.12.2.json,nginx:1.12.2,aged-stale,WARN,WARN,109.0,203.0,47.0,140.0,131.0,10.0,54.0,103.0,0.0
data/scans/aged-stale/nginx-1.14.0.json,nginx:1.14.0,aged-stale,WARN,WARN,109.0,200.0,47.0,138.0,129.0,10.0,53.0,103.0,0.0
data/scans/aged-stale/nginx-1.15.0.json,nginx:1.15.0,aged-stale,WARN,WARN,109.0,200.0,47.0,138.0,129.0,10.0,53.0,103.0,0.0
data/scans/aged-stale/nginx-1.16.1.json,nginx:1.16.1,aged-stale,WARN,BLOCK,119.0,274.0,44.0,184.0,137.0,10.0,70.0,154.0,0.0
data/scans/aged-stale/nginx-1.17.0.json,nginx:1.17.0,aged-stale,WARN,WARN,109.0,153.0,36.0,103.0,97.0,10.0,43.0,80.0,0.0
data/scans/aged-stale/httpd-2.2.34.json,httpd:2.2.34,aged-stale,WARN,BLOCK,132.0,427.0,26.0,335.0,205.0,10.0,68.0,241.0,0.0
data/scans/aged-stale/httpd-2.4.35.json,httpd:2.4.35,aged-stale,WARN,BLOCK,110.0,682.0,44.0,550.0,334.0,10.0,90.0,364.0,0.0
data/scans/aged-stale/httpd-2.4.38.json,httpd:2.4.38,aged-stale,WARN,BLOCK,110.0,624.0,36.0,506.0,299.0,10.0,85.0,336.0,0.0
data/scans/aged-stale/postgres-13.16.json,postgres:13.16,aged-stale,WARN,WARN,150.0,238.0,18.0,144.0,96.0,10.0,80.0,74.0,0.0
data/scans/aged-stale/postgres-14.13.json,postgres:14.13,aged-stale,WARN,WARN,150.0,238.0,18.0,144.0,96.0,10.0,80.0,74.0,0.0
data/scans/aged-stale/mysql-5.5.62.json,mysql:5.5.62,aged-stale,WARN,ALLOW,106.0,99.0,7.0,63.0,62.0,9.8,38.0,42.0,0.0
data/scans/aged-stale/mariadb-10.1.48.json,mariadb:10.1.48,aged-stale,WARN,WARN,177.0,235.0,20.0,163.0,123.0,10.0,58.0,71.0,0.0
data/scans/aged-stale/mariadb-10.2.44.json,mariadb:10.2.44,aged-stale,WARN,WARN,182.0,157.0,13.0,128.0,97.0,10.0,49.0,44.0,0.0
data/scans/aged-stale/mongo-2.6.12.json,mongo:2.6.12,aged-stale,WARN,WARN,93.0,94.0,16.0,53.0,49.0,9.8,33.0,33.0,0.0
data/scans/aged-stale/mongo-3.4.24.json,mongo:3.4.24,aged-stale,WARN,ALLOW,109.0,34.0,6.0,21.0,20.0,9.8,20.0,16.0,0.0
data/scans/aged-stale/redis-3.2.12.json,redis:3.2.12,aged-stale,WARN,WARN,77.0,77.0,13.0,47.0,46.0,9.8,36.0,36.0,0.0
data/scans/aged-stale/redis-4.0.14.json,redis:4.0.14,aged-stale,WARN,WARN,88.0,214.0,19.0,154.0,119.0,10.0,62.0,76.0,0.0
data/scans/aged-stale/cassandra-2.2.19.json,cassandra:2.2.19,aged-stale,WARN,WARN,201.0,337.0,47.0,238.0,186.0,10.0,96.0,124.0,0.0
data/scans/aged-stale/rabbitmq-3.7.28.json,rabbitmq:3.7.28,aged-stale,WARN,ALLOW,93.0,61.0,8.0,43.0,36.0,9.8,32.0,32.0,0.0
data/scans/aged-stale/rabbitmq-3.8.34.json,rabbitmq:3.8.34,aged-stale,WARN,ALLOW,95.0,39.0,4.0,24.0,18.0,9.8,27.0,17.0,0.0
data/scans/aged-stale/zookeeper-3.4.14.json,zookeeper:3.4.14,aged-stale,WARN,WARN,201.0,164.0,28.0,105.0,94.0,10.0,65.0,71.0,0.0
data/scans/aged-stale/zookeeper-3.5.10.json,zookeeper:3.5.10,aged-stale,WARN,WARN,177.0,208.0,14.0,116.0,80.0,9.8,84.0,83.0,0.0
data/scans/aged-stale/nats-2.2.6.json,nats:2.2.6,aged-stale,WARN,ALLOW,2.0,106.0,7.0,90.0,63.0,10.0,29.0,28.0,0.0
data/scans/aged-stale/elasticsearch-5.6.16.json,elasticsearch:5.6.16,aged-stale,WARN,BLOCK,335.0,461.0,52.0,275.0,218.0,10.0,85.0,180.0,0.0
data/scans/aged-stale/elasticsearch-6.8.23.json,elasticsearch:6.8.23,aged-stale,WARN,BLOCK,294.0,1043.0,84.0,584.0,512.0,10.0,141.0,530.0,1559.0
data/scans/aged-stale/kibana-5.6.16.json,kibana:5.6.16,aged-stale,WARN,WARN,1349.0,227.0,33.0,146.0,133.0,10.0,65.0,70.0,0.0
data/scans/aged-stale/kibana-6.8.23.json,kibana:6.8.23,aged-stale,WARN,BLOCK,1807.0,1112.0,98.0,635.0,561.0,10.0,153.0,547.0,0.0
data/scans/aged-stale/prom-prometheus-v2.20.0.json,prom/prometheus:v2.20.0,aged-stale,WARN,WARN,225.0,179.0,9.0,128.0,99.0,10.0,59.0,46.0,0.0
data/scans/aged-stale/grafana-grafana-7.5.17.json,grafana/grafana:7.5.17,aged-stale,WARN,WARN,278.0,140.0,11.0,113.0,84.0,10.0,40.0,41.0,0.0
data/scans/aged-stale/influxdb-1.8.10.json,influxdb:1.8.10,aged-stale,WARN,WARN,138.0,274.0,17.0,161.0,108.0,10.0,89.0,75.0,0.0
data/scans/aged-stale/jenkins-jenkins-2.235.5-lts.json,jenkins/jenkins:2.235.5-lts,aged-stale,WARN,BLOCK,349.0,309.0,51.0,183.0,169.0,10.0,90.0,140.0,0.0
data/scans/aged-stale/jenkins-jenkins-2.249.3-lts.json,jenkins/jenkins:2.249.3-lts,aged-stale,WARN,WARN,371.0,301.0,48.0,173.0,162.0,10.0,90.0,143.0,0.0
data/scans/aged-stale/gitlab-gitlab-ce-11.11.8-ce.0.json,gitlab/gitlab-ce:11.11.8-ce.0,aged-stale,WARN,WARN,586.0,299.0,35.0,198.0,186.0,10.0,100.0,115.0,0.0
data/scans/aged-stale/gitlab-gitlab-ce-12.10.14-ce.0.json,gitlab/gitlab-ce:12.10.14-ce.0,aged-stale,WARN,WARN,1443.0,426.0,39.0,294.0,259.0,10.0,104.0,141.0,0.0
data/scans/aged-stale/sonatype-nexus3-3.28.1.json,sonatype/nexus3:3.28.1,aged-stale,WARN,BLOCK,724.0,1160.0,84.0,694.0,517.0,10.0,158.0,620.0,2051.0
data/scans/aged-stale/sonarqube-7.9-community.json,sonarqube:7.9-community,aged-stale,WARN,BLOCK,547.0,334.0,51.0,225.0,206.0,10.0,105.0,167.0,0.0
data/scans/aged-stale/gitea-gitea-1.14.6.json,gitea/gitea:1.14.6,aged-stale,WARN,WARN,264.0,198.0,33.0,161.0,132.0,10.0,61.0,71.0,1712.0
data/scans/aged-stale/drupal-7.98.json,drupal:7.98,aged-stale,WARN,BLOCK,194.0,4909.0,47.0,3668.0,1328.0,10.0,153.0,1812.0,0.0
data/scans/aged-stale/drupal-8.9.20.json,drupal:8.9.20,aged-stale,WARN,BLOCK,182.0,1026.0,45.0,760.0,421.0,10.0,130.0,498.0,0.0
data/scans/aged-stale/ghost-2.38.3.json,ghost:2.38.3,aged-stale,WARN,WARN,1950.0,396.0,43.0,274.0,237.0,10.0,100.0,141.0,0.0
data/scans/aged-stale/haproxy-1.8.31.json,haproxy:1.8.31,aged-stale,WARN,WARN,89.0,75.0,5.0,41.0,34.0,9.8,41.0,29.0,0.0
data/scans/aged-stale/haproxy-1.9.16.json,haproxy:1.9.16,aged-stale,WARN,WARN,89.0,129.0,15.0,81.0,67.0,10.0,52.0,60.0,0.0
data/scans/aged-stale/consul-1.9.17.json,consul:1.9.17,aged-stale,WARN,WARN,183.0,142.0,10.0,105.0,78.0,10.0,51.0,42.0,0.0
data/scans/aged-stale/consul-1.10.12.json,consul:1.10.12,aged-stale,WARN,WARN,184.0,165.0,11.0,116.0,86.0,10.0,59.0,45.0,0.0
data/scans/aged-stale/vault-1.5.9.json,vault:1.5.9,aged-stale,WARN,ALLOW,22.0,114.0,8.0,97.0,70.0,10.0,34.0,31.0,0.0
data/scans/aged-stale/redis-4.0.9.json,redis:4.0.9,aged-stale,WARN,ALLOW,102.0,64.0,7.0,33.0,35.0,9.8,31.0,25.0,0.0
data/scans/aged-stale/memcached-1.5.22.json,memcached:1.5.22,aged-stale,WARN,WARN,90.0,130.0,13.0,82.0,68.0,10.0,54.0,60.0,0.0
data/scans/aged-stale/mongo-3.6.23.json,mongo:3.6.23,aged-stale,WARN,ALLOW,112.0,115.0,7.0,94.0,67.0,10.0,33.0,29.0,0.0
data/scans/aged-stale/solr-7.7.3.json,solr:7.7.3,aged-stale,WARN,BLOCK,377.0,475.0,67.0,274.0,233.0,10.0,131.0,219.0,0.0
data/scans/aged-stale/solr-8.0.0.json,solr:8.0.0,aged-stale,WARN,BLOCK,405.0,485.0,70.0,283.0,242.0,10.0,133.0,228.0,0.0
data/scans/aged-stale/rmohr-activemq-5.14.5.json,rmohr/activemq:5.14.5,aged-stale,WARN,BLOCK,438.0,662.0,112.0,450.0,390.0,10.0,105.0,318.0,0.0
data/scans/aged-stale/couchdb-1.7.2.json,couchdb:1.7.2,aged-stale,WARN,WARN,161.0,106.0,20.0,58.0,59.0,10.0,40.0,47.0,0.0
data/scans/known-vuln/vulhub-php-5.4.1-cgi.json,vulhub/php:5.4.1-cgi,known-vuln,BLOCK,BLOCK,183.0,549.0,46.0,387.0,281.0,10.0,75.0,299.0,0.0
data/scans/known-vuln/vulhub-tomcat-7.0.79.json,vulhub/tomcat:7.0.79,known-vuln,BLOCK,BLOCK,247.0,399.0,107.0,269.0,203.0,10.0,62.0,145.0,0.0
data/scans/known-vuln/vulhub-tomcat-8.5.19.json,vulhub/tomcat:8.5.19,known-vuln,BLOCK,BLOCK,189.0,498.0,104.0,345.0,249.0,10.0,88.0,166.0,0.0
data/scans/known-vuln/vulhub-redis-4.0.14.json,vulhub/redis:4.0.14,known-vuln,BLOCK,ALLOW,77.0,53.0,5.0,27.0,27.0,9.8,28.0,25.0,0.0
data/scans/known-vuln/vulhub-mysql-5.5.23.json,vulhub/mysql:5.5.23,known-vuln,BLOCK,WARN,97.0,62.0,16.0,47.0,47.0,9.8,32.0,35.0,0.0
data/scans/known-vuln/vulhub-elasticsearch-1.1.1.json,vulhub/elasticsearch:1.1.1,known-vuln,BLOCK,BLOCK,280.0,496.0,70.0,311.0,249.0,10.0,83.0,205.0,0.0
data/scans/known-vuln/vulhub-solr-8.1.1.json,vulhub/solr:8.1.1,known-vuln,BLOCK,BLOCK,431.0,544.0,69.0,319.0,271.0,10.0,147.0,229.0,0.0
data/scans/known-vuln/vulhub-activemq-5.11.1.json,vulhub/activemq:5.11.1,known-vuln,BLOCK,BLOCK,287.0,415.0,86.0,294.0,289.0,10.0,95.0,241.0,0.0
data/scans/known-vuln/vulhub-jenkins-2.46.1.json,vulhub/jenkins:2.46.1,known-vuln,BLOCK,BLOCK,451.0,653.0,78.0,376.0,310.0,10.0,103.0,308.0,0.0
data/scans/known-vuln/vulhub-nexus-3.14.0.json,vulhub/nexus:3.14.0,known-vuln,BLOCK,BLOCK,520.0,1284.0,144.0,763.0,701.0,10.0,161.0,681.0,2659.0
data/scans/known-vuln/vulhub-thinkphp-5.0.20.json,vulhub/thinkphp:5.0.20,known-vuln,BLOCK,BLOCK,177.0,1430.0,52.0,1079.0,596.0,10.0,145.0,699.0,0.0
data/scans/known-vuln/vulhub-ghostscript-9.21.json,vulhub/ghostscript:9.21,known-vuln,BLOCK,ALLOW,84.0,58.0,6.0,27.0,26.0,9.8,29.0,27.0,0.0
data/scans/known-vuln/vulhub-drupal-8.5.0.json,vulhub/drupal:8.5.0,known-vuln,BLOCK,BLOCK,176.0,1014.0,79.0,790.0,536.0,10.0,108.0,548.0,0.0
data/scans/known-vuln/vulhub-joomla-3.4.5.json,vulhub/joomla:3.4.5,known-vuln,BLOCK,BLOCK,200.0,1151.0,121.0,868.0,635.0,10.0,103.0,565.0,0.0
data/scans/known-vuln/vulnerables-web-dvwa-latest.json,vulnerables/web-dvwa:latest,known-vuln,BLOCK,BLOCK,216.0,439.0,78.0,287.0,260.0,10.0,89.0,207.0,0.0
data/scans/known-vuln/vulnerables-web-dvwa-1.9.json,vulnerables/web-dvwa:1.9,known-vuln,BLOCK,BLOCK,221.0,492.0,81.0,290.0,284.0,10.0,73.0,227.0,0.0
data/scans/known-vuln/vulnerables-cve-2014-0160-latest.json,vulnerables/cve-2014-0160:latest,known-vuln,BLOCK,WARN,119.0,170.0,31.0,112.0,87.0,10.0,42.0,52.0,0.0
data/scans/known-vuln/vulnerables-cve-2014-6271-latest.json,vulnerables/cve-2014-6271:latest,known-vuln,BLOCK,WARN,119.0,104.0,25.0,71.0,66.0,10.0,33.0,39.0,0.0
data/scans/known-vuln/vulnerables-cve-2017-7494-latest.json,vulnerables/cve-2017-7494:latest,known-vuln,BLOCK,BLOCK,324.0,730.0,69.0,550.0,407.0,10.0,84.0,404.0,0.0
data/scans/known-vuln/bkimminich-juice-shop-latest.json,bkimminich/juice-shop:latest,known-vuln,BLOCK,WARN,1122.0,76.0,10.0,49.0,44.0,10.0,47.0,24.0,0.0
data/scans/known-vuln/bkimminich-juice-shop-v14.0.0.json,bkimminich/juice-shop:v14.0.0,known-vuln,BLOCK,WARN,2280.0,154.0,29.0,105.0,99.0,10.0,65.0,49.0,0.0
data/scans/known-vuln/bkimminich-juice-shop-v12.0.0.json,bkimminich/juice-shop:v12.0.0,known-vuln,BLOCK,BLOCK,1509.0,184.0,37.0,134.0,125.0,10.0,63.0,69.0,2014.0
data/scans/known-vuln/bkimminich-juice-shop-v11.0.0.json,bkimminich/juice-shop:v11.0.0,known-vuln,BLOCK,WARN,1408.0,171.0,25.0,122.0,112.0,10.0,63.0,67.0,0.0
data/scans/known-vuln/bkimminich-juice-shop-v10.0.0.json,bkimminich/juice-shop:v10.0.0,known-vuln,BLOCK,WARN,1430.0,177.0,26.0,126.0,115.0,10.0,63.0,69.0,0.0
data/scans/known-vuln/bkimminich-juice-shop-v9.0.0.json,bkimminich/juice-shop:v9.0.0,known-vuln,BLOCK,WARN,1334.0,174.0,25.0,114.0,102.0,10.0,63.0,56.0,0.0
data/scans/known-vuln/bkimminich-juice-shop-v8.0.0.json,bkimminich/juice-shop:v8.0.0,known-vuln,BLOCK,WARN,1082.0,169.0,28.0,116.0,107.0,10.0,61.0,56.0,0.0
data/scans/known-vuln/citizenstig-dvwa-latest.json,citizenstig/dvwa:latest,known-vuln,BLOCK,BLOCK,286.0,447.0,80.0,307.0,262.0,10.0,79.0,163.0,0.0
data/scans/known-vuln/tleemcjr-metasploitable2-latest.json,tleemcjr/metasploitable2:latest,known-vuln,BLOCK,ALLOW,604.0,0.0,0.0,0.0,0.0,0.0,0.0,0.0,0.0
data/scans/known-vuln/webgoat-webgoat-8.0-latest.json,webgoat/webgoat-8.0:latest,known-vuln,BLOCK,BLOCK,302.0,326.0,56.0,211.0,206.0,10.0,78.0,168.0,0.0
data/scans/known-vuln/webgoat-webgoat-7.1-latest.json,webgoat/webgoat-7.1:latest,known-vuln,BLOCK,BLOCK,324.0,412.0,95.0,275.0,273.0,10.0,86.0,226.0,0.0
data/scans/known-vuln/infoslack-dvwa-latest.json,infoslack/dvwa:latest,known-vuln,BLOCK,BLOCK,285.0,576.0,112.0,402.0,359.0,10.0,81.0,238.0,0.0
data/scans/known-vuln/vulhub-shiro-1.2.4.json,vulhub/shiro:1.2.4,known-vuln,BLOCK,BLOCK,218.0,398.0,86.0,264.0,254.0,10.0,89.0,188.0,0.0
data/scans/known-vuln/vulhub-openssh-7.7.json,vulhub/openssh:7.7,known-vuln,BLOCK,WARN,85.0,105.0,15.0,58.0,54.0,9.8,38.0,47.0,0.0
data/scans/known-vuln/vulhub-couchdb-1.6.0.json,vulhub/couchdb:1.6.0,known-vuln,BLOCK,WARN,161.0,147.0,30.0,83.0,83.0,10.0,44.0,62.0,0.0
data/scans/known-vuln/vulhub-couchdb-2.1.0.json,vulhub/couchdb:2.1.0,known-vuln,BLOCK,WARN,235.0,279.0,47.0,163.0,163.0,10.0,58.0,131.0,0.0
data/scans/known-vuln/vulhub-activemq-5.13.2.json,vulhub/activemq:5.13.2,known-vuln,BLOCK,BLOCK,438.0,594.0,89.0,401.0,345.0,10.0,101.0,292.0,0.0
data/scans/known-vuln/vulhub-solr-7.0.1.json,vulhub/solr:7.0.1,known-vuln,BLOCK,BLOCK,376.0,589.0,74.0,352.0,291.0,10.0,153.0,240.0,0.0
data/scans/known-vuln/vulhub-wordpress-4.6.json,vulhub/wordpress:4.6,known-vuln,BLOCK,BLOCK,255.0,262.0,54.0,185.0,181.0,10.0,61.0,135.0,0.0
data/scans/known-vuln/vulhub-drupal-7.57.json,vulhub/drupal:7.57,known-vuln,BLOCK,BLOCK,189.0,643.0,57.0,473.0,343.0,10.0,80.0,355.0,0.0
data/scans/known-vuln/vulhub-joomla-3.7.0.json,vulhub/joomla:3.7.0,known-vuln,BLOCK,BLOCK,211.0,1571.0,63.0,1188.0,655.0,10.0,145.0,779.0,0.0
data/scans/known-vuln/vulhub-phpmyadmin-4.8.1.json,vulhub/phpmyadmin:4.8.1,known-vuln,BLOCK,BLOCK,174.0,976.0,74.0,763.0,515.0,10.0,105.0,524.0,0.0
data/scans/known-vuln/vulhub-solr-8.11.0.json,vulhub/solr:8.11.0,known-vuln,BLOCK,BLOCK,511.0,441.0,101.0,290.0,286.0,10.0,93.0,222.0,0.0
data/scans/known-vuln/vulhub-shiro-1.5.1.json,vulhub/shiro:1.5.1,known-vuln,BLOCK,BLOCK,208.0,307.0,56.0,204.0,183.0,10.0,100.0,131.0,0.0
data/scans/known-vuln/owasp-benchmark-latest.json,owasp/benchmark:latest,known-vuln,BLOCK,WARN,1366.0,331.0,35.0,205.0,137.0,10.0,121.0,132.0,0.0
data/scans/known-vuln/raesene-bwapp-latest.json,raesene/bwapp:latest,known-vuln,BLOCK,BLOCK,272.0,519.0,128.0,384.0,339.0,10.0,79.0,200.0,0.0
